date,base_price,unit
2019-01-02,0.192,US$/Wp
2019-01-02,0.211,US$/Wp
2019-07-31,0.207,US$/Wp
2019-07-31,0.241,US$/Wp
2019-10-16,0.198,US$/Wp
2019-10-16,0.221,US$/Wp
2019-10-23,0.198,US$/Wp
2019-10-23,0.219,US$/Wp
2019-10-30,0.197,US$/Wp
2019-10-30,0.218,US$/Wp
2019-11-06,0.196,US$/Wp
2019-11-06,0.217,US$/Wp
2019-11-13,0.195,US$/Wp
2019-11-13,0.216,US$/Wp
2019-11-20,0.194,US$/Wp
2019-11-20,0.213,US$/Wp
2019-11-27,0.193,US$/Wp
2019-11-27,0.213,US$/Wp
2019-12-04,0.192,US$/Wp
2019-12-04,0.211,US$/Wp
2019-12-11,0.192,US$/Wp
2019-12-11,0.211,US$/Wp
2019-12-18,0.192,US$/Wp
2019-12-18,0.211,US$/Wp
2020-01-08,0.191,US$/Wp
2020-01-08,0.21,US$/Wp
2020-01-15,0.191,US$/Wp
2020-01-15,0.21,US$/Wp
2020-01-22,0.191,US$/Wp
2020-01-22,0.21,US$/Wp
2020-01-29,0.191,US$/Wp
2020-01-29,0.21,US$/Wp
2020-02-05,0.191,US$/Wp
2020-02-05,0.21,US$/Wp
2020-02-12,0.191,US$/Wp
2020-02-12,0.21,US$/Wp
2020-02-19,0.19,US$/Wp
2020-02-19,0.209,US$/Wp
2020-02-26,0.19,US$/Wp
2020-02-26,0.207,US$/Wp
2020-03-04,0.19,US$/Wp
2020-03-04,0.206,US$/Wp
2020-03-11,0.187,US$/Wp
2020-03-11,0.204,US$/Wp
2020-03-18,0.183,US$/Wp
2020-03-18,0.202,US$/Wp
2020-03-25,0.181,US$/Wp
2020-03-25,0.2,US$/Wp
2020-04-08,0.176,US$/Wp
2020-04-08,0.195,US$/Wp
2020-04-15,0.175,US$/Wp
2020-04-15,0.193,US$/Wp
2020-04-22,0.174,US$/Wp
2020-04-22,0.192,US$/Wp
2020-04-29,0.174,US$/Wp
2020-04-29,0.192,US$/Wp
2020-05-06,0.173,US$/Wp
2020-05-06,0.19,US$/Wp
2020-05-13,0.172,US$/Wp
2020-05-13,0.189,US$/Wp
2020-05-20,0.168,US$/Wp
2020-05-20,0.184,US$/Wp
2020-05-27,0.165,US$/Wp
2020-05-27,0.18,US$/Wp
2020-06-03,0.163,US$/Wp
2020-06-03,0.177,US$/Wp
2020-06-10,0.162,US$/Wp
2020-06-10,0.175,US$/Wp
2020-06-17,0.162,US$/Wp
2020-06-17,0.197,US$/Wp
2020-06-17,0.173,US$/Wp
2020-06-24,0.161,US$/Wp
2020-06-24,0.195,US$/Wp
2020-06-24,0.172,US$/Wp
2020-07-01,0.161,US$/Wp
2020-07-01,0.171,US$/Wp
2020-07-08,0.16,US$/Wp
2020-07-08,0.17,US$/Wp
2020-07-22,0.16,US$/Wp
2020-07-22,0.192,US$/Wp
2020-07-22,0.17,US$/Wp
2020-07-29,0.164,US$/Wp
2020-07-29,0.194,US$/Wp
2020-07-29,0.175,US$/Wp
2020-08-05,0.165,US$/Wp
2020-08-05,0.195,US$/Wp
2020-08-05,0.179,US$/Wp
2020-08-12,0.167,US$/Wp
2020-08-12,0.196,US$/Wp
2020-08-12,0.182,US$/Wp
2020-08-19,0.167,US$/Wp
2020-08-19,0.196,US$/Wp
2020-08-19,0.182,US$/Wp
2020-09-02,0.167,US$/Wp
2020-09-02,0.196,US$/Wp
2020-09-02,0.182,US$/Wp
2020-09-16,0.171,US$/Wp
2020-09-16,0.203,US$/Wp
2020-09-16,0.192,US$/Wp
2020-09-23,0.171,US$/Wp
2020-09-23,0.205,US$/Wp
2020-09-23,0.192,US$/Wp
2020-09-30,0.17,US$/Wp
2020-09-30,0.205,US$/Wp
2020-09-30,0.191,US$/Wp
2020-10-07,0.17,US$/Wp
2020-10-07,0.205,US$/Wp
2020-10-07,0.191,US$/Wp
2020-10-14,0.17,US$/Wp
2020-10-14,0.205,US$/Wp
2020-10-14,0.192,US$/Wp
2020-10-21,0.173,US$/Wp
2020-10-21,0.205,US$/Wp
2020-10-21,0.196,US$/Wp
2020-10-28,0.172,US$/Wp
2020-10-28,0.205,US$/Wp
2020-10-28,0.195,US$/Wp
2020-11-04,0.171,US$/Wp
2020-11-04,0.205,US$/Wp
2020-11-04,0.194,US$/Wp
2020-11-11,0.173,US$/Wp
2020-11-11,0.208,US$/Wp
2020-11-11,0.197,US$/Wp
2020-11-18,0.174,US$/Wp
2020-11-18,0.21,US$/Wp
2020-11-18,0.198,US$/Wp
2020-11-25,0.173,US$/Wp
2020-11-25,0.212,US$/Wp
2020-11-25,0.197,US$/Wp
2020-12-02,0.172,US$/Wp
2020-12-02,0.213,US$/Wp
2020-12-02,0.196,US$/Wp
2020-12-02,0.232,US$/Wp
2020-12-02,0.232,US$/Wp
2020-12-09,0.171,US$/Wp
2020-12-09,0.213,US$/Wp
2020-12-09,0.27,US$/Wp
2020-12-09,0.232,US$/Wp
2020-12-09,0.27,US$/Wp
2020-12-09,0.232,US$/Wp
2020-12-23,0.168,US$/Wp
2020-12-23,0.213,US$/Wp
2020-12-23,0.27,US$/Wp
2020-12-23,0.232,US$/Wp
2020-12-23,0.27,US$/Wp
2020-12-23,0.232,US$/Wp
2020-12-30,0.169,US$/Wp
2020-12-30,0.213,US$/Wp
2020-12-30,0.27,US$/Wp
2020-12-30,0.232,US$/Wp
2020-12-30,0.27,US$/Wp
2020-12-30,0.232,US$/Wp
2021-01-06,0.168,US$/Wp
2021-01-06,0.213,US$/Wp
2021-01-06,0.27,US$/Wp
2021-01-06,0.228,US$/Wp
2021-01-06,0.27,US$/Wp
2021-01-06,0.228,US$/Wp
2021-01-13,0.167,US$/Wp
2021-01-13,0.213,US$/Wp
2021-01-13,0.27,US$/Wp
2021-01-13,0.228,US$/Wp
2021-01-13,0.27,US$/Wp
2021-01-13,0.228,US$/Wp
2021-01-20,0.167,US$/Wp
2021-01-20,0.213,US$/Wp
2021-01-20,0.26,US$/Wp
2021-01-20,0.228,US$/Wp
2021-01-20,0.26,US$/Wp
2021-01-20,0.228,US$/Wp
2021-01-27,0.167,US$/Wp
2021-01-27,0.213,US$/Wp
2021-01-27,0.26,US$/Wp
2021-01-27,0.225,US$/Wp
2021-01-27,0.26,US$/Wp
2021-01-27,0.225,US$/Wp
2021-02-03,0.167,US$/Wp
2021-02-03,0.213,US$/Wp
2021-02-03,0.26,US$/Wp
2021-02-03,0.225,US$/Wp
2021-02-03,0.26,US$/Wp
2021-02-03,0.225,US$/Wp
2021-02-10,0.177,US$/Wp
2021-02-10,0.213,US$/Wp
2021-02-10,0.26,US$/Wp
2021-02-10,0.225,US$/Wp
2021-02-10,0.26,US$/Wp
2021-02-10,0.225,US$/Wp
2021-02-17,0.177,US$/Wp
2021-02-17,0.213,US$/Wp
2021-02-17,0.26,US$/Wp
2021-02-17,0.225,US$/Wp
2021-02-17,0.26,US$/Wp
2021-02-17,0.225,US$/Wp
2021-02-24,0.177,US$/Wp
2021-02-24,0.213,US$/Wp
2021-02-24,0.26,US$/Wp
2021-02-24,0.225,US$/Wp
2021-02-24,0.26,US$/Wp
2021-02-24,0.225,US$/Wp
2021-03-03,0.182,US$/Wp
2021-03-03,0.215,US$/Wp
2021-03-03,0.26,US$/Wp
2021-03-03,0.225,US$/Wp
2021-03-03,0.26,US$/Wp
2021-03-03,0.225,US$/Wp
2021-03-10,0.18,US$/Wp
2021-03-10,0.216,US$/Wp
2021-03-10,0.26,US$/Wp
2021-03-10,0.226,US$/Wp
2021-03-10,0.26,US$/Wp
2021-03-10,0.226,US$/Wp
2021-03-17,0.178,US$/Wp
2021-03-17,0.217,US$/Wp
2021-03-17,0.26,US$/Wp
2021-03-17,0.227,US$/Wp
2021-03-17,0.26,US$/Wp
2021-03-17,0.227,US$/Wp
2021-03-24,0.177,US$/Wp
2021-03-24,0.218,US$/Wp
2021-03-24,0.26,US$/Wp
2021-03-24,0.23,US$/Wp
2021-03-24,0.26,US$/Wp
2021-03-24,0.23,US$/Wp
2021-03-31,0.176,US$/Wp
2021-03-31,0.218,US$/Wp
2021-03-31,0.26,US$/Wp
2021-03-31,0.23,US$/Wp
2021-03-31,0.26,US$/Wp
2021-03-31,0.23,US$/Wp
2021-04-07,0.175,US$/Wp
2021-04-07,0.218,US$/Wp
2021-04-07,0.26,US$/Wp
2021-04-07,0.23,US$/Wp
2021-04-07,0.26,US$/Wp
2021-04-07,0.23,US$/Wp
2021-04-14,0.175,US$/Wp
2021-04-14,0.218,US$/Wp
2021-04-14,0.26,US$/Wp
2021-04-14,0.23,US$/Wp
2021-04-14,0.26,US$/Wp
2021-04-14,0.23,US$/Wp
2021-04-21,0.181,US$/Wp
2021-04-21,0.218,US$/Wp
2021-04-21,0.27,US$/Wp
2021-04-21,0.23,US$/Wp
2021-04-21,0.27,US$/Wp
2021-04-21,0.23,US$/Wp
2021-04-28,0.181,US$/Wp
2021-04-28,0.218,US$/Wp
2021-04-28,0.27,US$/Wp
2021-04-28,0.23,US$/Wp
2021-04-28,0.27,US$/Wp
2021-04-28,0.23,US$/Wp
2021-05-05,0.181,US$/Wp
2021-05-05,0.27,US$/Wp
2021-05-05,0.27,US$/Wp
2021-05-05,0.218,US$/Wp
2021-05-05,0.226,US$/Wp
2021-05-05,0.23,US$/Wp
2021-05-05,0.23,US$/Wp
2021-05-12,0.192,US$/Wp
2021-05-12,0.27,US$/Wp
2021-05-12,0.27,US$/Wp
2021-05-12,0.22,US$/Wp
2021-05-12,0.228,US$/Wp
2021-05-12,0.233,US$/Wp
2021-05-12,0.233,US$/Wp
2021-05-19,0.197,US$/Wp
2021-05-19,0.27,US$/Wp
2021-05-19,0.27,US$/Wp
2021-05-19,0.223,US$/Wp
2021-05-19,0.233,US$/Wp
2021-05-19,0.237,US$/Wp
2021-05-19,0.237,US$/Wp
2021-05-26,0.202,US$/Wp
2021-05-26,0.28,US$/Wp
2021-05-26,0.28,US$/Wp
2021-05-26,0.227,US$/Wp
2021-05-26,0.236,US$/Wp
2021-05-26,0.24,US$/Wp
2021-05-26,0.24,US$/Wp
2021-06-02,0.203,US$/Wp
2021-06-02,0.28,US$/Wp
2021-06-02,0.28,US$/Wp
2021-06-02,0.233,US$/Wp
2021-06-02,0.242,US$/Wp
2021-06-02,0.245,US$/Wp
2021-06-02,0.245,US$/Wp
2021-06-09,0.202,US$/Wp
2021-06-09,0.28,US$/Wp
2021-06-09,0.28,US$/Wp
2021-06-09,0.237,US$/Wp
2021-06-09,0.245,US$/Wp
2021-06-09,0.248,US$/Wp
2021-06-09,0.248,US$/Wp
2021-06-16,0.202,US$/Wp
2021-06-16,0.28,US$/Wp
2021-06-16,0.28,US$/Wp
2021-06-16,0.24,US$/Wp
2021-06-16,0.245,US$/Wp
2021-06-16,0.248,US$/Wp
2021-06-16,0.248,US$/Wp
2021-06-23,0.198,US$/Wp
2021-06-23,0.27,US$/Wp
2021-06-23,0.27,US$/Wp
2021-06-23,0.24,US$/Wp
2021-06-23,0.245,US$/Wp
2021-06-23,0.248,US$/Wp
2021-06-23,0.248,US$/Wp
2021-06-30,0.197,US$/Wp
2021-06-30,0.27,US$/Wp
2021-06-30,0.27,US$/Wp
2021-06-30,0.24,US$/Wp
2021-06-30,0.245,US$/Wp
2021-06-30,0.248,US$/Wp
2021-06-30,0.248,US$/Wp
2021-07-07,0.196,US$/Wp
2021-07-07,0.27,US$/Wp
2021-07-07,0.27,US$/Wp
2021-07-07,0.24,US$/Wp
2021-07-07,0.245,US$/Wp
2021-07-07,0.248,US$/Wp
2021-07-07,0.248,US$/Wp
2021-07-14,0.195,US$/Wp
2021-07-14,0.27,US$/Wp
2021-07-14,0.27,US$/Wp
2021-07-14,0.24,US$/Wp
2021-07-14,0.245,US$/Wp
2021-07-14,0.248,US$/Wp
2021-07-14,0.248,US$/Wp
2021-07-21,0.194,US$/Wp
2021-07-21,0.27,US$/Wp
2021-07-21,0.27,US$/Wp
2021-07-21,0.24,US$/Wp
2021-07-21,0.245,US$/Wp
2021-07-21,0.248,US$/Wp
2021-07-21,0.248,US$/Wp
2021-07-28,0.193,US$/Wp
2021-07-28,0.27,US$/Wp
2021-07-28,0.27,US$/Wp
2021-07-28,0.24,US$/Wp
2021-07-28,0.245,US$/Wp
2021-07-28,0.248,US$/Wp
2021-07-28,0.248,US$/Wp
2021-08-04,0.193,US$/Wp
2021-08-04,0.27,US$/Wp
2021-08-04,0.27,US$/Wp
2021-08-04,0.24,US$/Wp
2021-08-04,0.24,US$/Wp
2021-08-04,0.245,US$/Wp
2021-08-04,0.245,US$/Wp
2021-08-11,0.193,US$/Wp
2021-08-11,0.27,US$/Wp
2021-08-11,0.27,US$/Wp
2021-08-11,0.24,US$/Wp
2021-08-11,0.24,US$/Wp
2021-08-11,0.245,US$/Wp
2021-08-11,0.245,US$/Wp
2021-08-11,0.193,US$/Wp
2021-08-11,0.27,US$/Wp
2021-08-11,0.27,US$/Wp
2021-08-11,0.24,US$/Wp
2021-08-11,0.24,US$/Wp
2021-08-11,0.245,US$/Wp
2021-08-11,0.245,US$/Wp
2021-08-18,0.193,US$/Wp
2021-08-18,0.27,US$/Wp
2021-08-18,0.27,US$/Wp
2021-08-18,0.24,US$/Wp
2021-08-18,0.24,US$/Wp
2021-08-18,0.245,US$/Wp
2021-08-18,0.245,US$/Wp
2021-08-25,0.193,US$/Wp
2021-08-25,0.27,US$/Wp
2021-08-25,0.27,US$/Wp
2021-08-25,0.24,US$/Wp
2021-08-25,0.24,US$/Wp
2021-08-25,0.245,US$/Wp
2021-08-25,0.245,US$/Wp
2021-09-01,0.193,US$/Wp
2021-09-01,0.27,US$/Wp
2021-09-01,0.27,US$/Wp
2021-09-01,0.24,US$/Wp
2021-09-01,0.24,US$/Wp
2021-09-01,0.245,US$/Wp
2021-09-01,0.245,US$/Wp
2021-09-08,0.193,US$/Wp
2021-09-08,0.28,US$/Wp
2021-09-08,0.28,US$/Wp
2021-09-08,0.24,US$/Wp
2021-09-08,0.24,US$/Wp
2021-09-08,0.245,US$/Wp
2021-09-08,0.245,US$/Wp
2021-09-15,0.193,US$/Wp
2021-09-15,0.28,US$/Wp
2021-09-15,0.28,US$/Wp
2021-09-15,0.24,US$/Wp
2021-09-15,0.242,US$/Wp
2021-09-15,0.245,US$/Wp
2021-09-15,0.245,US$/Wp
2021-09-22,0.193,US$/Wp
2021-09-22,0.28,US$/Wp
2021-09-22,0.28,US$/Wp
2021-09-22,0.24,US$/Wp
2021-09-22,0.245,US$/Wp
2021-09-22,0.245,US$/Wp
2021-09-22,0.245,US$/Wp
2021-09-29,0.197,US$/Wp
2021-09-29,0.28,US$/Wp
2021-09-29,0.28,US$/Wp
2021-09-29,0.245,US$/Wp
2021-09-29,0.25,US$/Wp
2021-09-29,0.25,US$/Wp
2021-09-29,0.25,US$/Wp
2021-10-06,0.203,US$/Wp
2021-10-06,0.28,US$/Wp
2021-10-06,0.28,US$/Wp
2021-10-06,0.245,US$/Wp
2021-10-06,0.25,US$/Wp
2021-10-06,0.25,US$/Wp
2021-10-06,0.25,US$/Wp
2021-10-13,0.218,US$/Wp
2021-10-13,0.33,US$/Wp
2021-10-13,0.33,US$/Wp
2021-10-13,0.27,US$/Wp
2021-10-13,0.275,US$/Wp
2021-10-13,0.275,US$/Wp
2021-10-13,0.275,US$/Wp
2021-10-20,0.219,US$/Wp
2021-10-20,0.33,US$/Wp
2021-10-20,0.33,US$/Wp
2021-10-20,0.275,US$/Wp
2021-10-20,0.275,US$/Wp
2021-10-20,0.28,US$/Wp
2021-10-20,0.28,US$/Wp
2021-10-27,0.218,US$/Wp
2021-10-27,0.33,US$/Wp
2021-10-27,0.33,US$/Wp
2021-10-27,0.275,US$/Wp
2021-10-27,0.275,US$/Wp
2021-10-27,0.28,US$/Wp
2021-10-27,0.28,US$/Wp
2021-11-03,0.217,US$/Wp
2021-11-03,0.33,US$/Wp
2021-11-03,0.33,US$/Wp
2021-11-03,0.275,US$/Wp
2021-11-03,0.275,US$/Wp
2021-11-03,0.28,US$/Wp
2021-11-03,0.28,US$/Wp
2021-11-10,0.216,US$/Wp
2021-11-10,0.33,US$/Wp
2021-11-10,0.33,US$/Wp
2021-11-10,0.275,US$/Wp
2021-11-10,0.28,US$/Wp
2021-11-10,0.28,US$/Wp
2021-11-10,0.28,US$/Wp
2021-11-17,0.214,US$/Wp
2021-11-17,0.3,US$/Wp
2021-11-17,0.33,US$/Wp
2021-11-17,0.33,US$/Wp
2021-11-17,0.275,US$/Wp
2021-11-17,0.28,US$/Wp
2021-11-17,0.28,US$/Wp
2021-11-17,0.28,US$/Wp
2021-11-24,0.213,US$/Wp
2021-11-24,0.3,US$/Wp
2021-11-24,0.33,US$/Wp
2021-11-24,0.33,US$/Wp
2021-11-24,0.275,US$/Wp
2021-11-24,0.28,US$/Wp
2021-11-24,0.28,US$/Wp
2021-11-24,0.28,US$/Wp
2021-12-01,0.213,US$/Wp
2021-12-01,0.3,US$/Wp
2021-12-01,0.33,US$/Wp
2021-12-01,0.33,US$/Wp
2021-12-01,0.275,US$/Wp
2021-12-01,0.28,US$/Wp
2021-12-01,0.28,US$/Wp
2021-12-01,0.28,US$/Wp
2021-12-08,0.206,US$/Wp
2021-12-08,0.313,US$/Wp
2021-12-08,0.316,US$/Wp
2021-12-08,0.275,US$/Wp
2021-12-08,0.28,US$/Wp
2021-12-08,0.28,US$/Wp
2021-12-08,0.28,US$/Wp
2021-12-15,0.204,US$/Wp
2021-12-15,0.3,US$/Wp
2021-12-15,0.3,US$/Wp
2021-12-15,0.27,US$/Wp
2021-12-15,0.275,US$/Wp
2021-12-15,0.275,US$/Wp
2021-12-15,0.275,US$/Wp
2021-12-22,0.203,US$/Wp
2021-12-22,0.3,US$/Wp
2021-12-22,0.29,US$/Wp
2021-12-22,0.27,US$/Wp
2021-12-22,0.275,US$/Wp
2021-12-22,0.275,US$/Wp
2021-12-22,0.275,US$/Wp
2021-12-29,0.203,US$/Wp
2021-12-29,0.29,US$/Wp
2021-12-29,0.29,US$/Wp
2021-12-29,0.27,US$/Wp
2021-12-29,0.275,US$/Wp
2021-12-29,0.275,US$/Wp
2021-12-29,0.275,US$/Wp
2022-01-05,0.202,US$/Wp
2022-01-05,0.29,US$/Wp
2022-01-05,0.29,US$/Wp
2022-01-05,0.27,US$/Wp
2022-01-05,0.275,US$/Wp
2022-01-05,0.275,US$/Wp
2022-01-05,0.275,US$/Wp
2022-01-12,0.201,US$/Wp
2022-01-12,0.29,US$/Wp
2022-01-12,0.29,US$/Wp
2022-01-12,0.27,US$/Wp
2022-01-12,0.275,US$/Wp
2022-01-12,0.275,US$/Wp
2022-01-19,0.201,US$/Wp
2022-01-19,0.29,US$/Wp
2022-01-19,0.29,US$/Wp
2022-01-19,0.27,US$/Wp
2022-01-19,0.275,US$/Wp
2022-01-19,0.275,US$/Wp
2022-01-26,0.201,US$/Wp
2022-01-26,0.29,US$/Wp
2022-01-26,0.29,US$/Wp
2022-01-26,0.27,US$/Wp
2022-01-26,0.275,US$/Wp
2022-01-26,0.275,US$/Wp
2022-02-02,0.2,US$/Wp
2022-02-02,0.29,US$/Wp
2022-02-02,0.29,US$/Wp
2022-02-02,0.27,US$/Wp
2022-02-02,0.275,US$/Wp
2022-02-02,0.275,US$/Wp
2022-02-09,0.2,US$/Wp
2022-02-09,0.3,US$/Wp
2022-02-09,0.3,US$/Wp
2022-02-09,0.27,US$/Wp
2022-02-09,0.275,US$/Wp
2022-02-09,0.275,US$/Wp
2022-02-16,0.199,US$/Wp
2022-02-16,0.3,US$/Wp
2022-02-16,0.3,US$/Wp
2022-02-16,0.27,US$/Wp
2022-02-16,0.275,US$/Wp
2022-02-16,0.275,US$/Wp
2022-02-23,0.203,US$/Wp
2022-02-23,0.3,US$/Wp
2022-02-23,0.3,US$/Wp
2022-02-23,0.27,US$/Wp
2022-02-23,0.275,US$/Wp
2022-02-23,0.275,US$/Wp
2022-03-02,0.203,US$/Wp
2022-03-02,0.3,US$/Wp
2022-03-02,0.3,US$/Wp
2022-03-02,0.265,US$/Wp
2022-03-02,0.27,US$/Wp
2022-03-02,0.27,US$/Wp
2022-03-02,0.275,US$/Wp
2022-03-02,0.275,US$/Wp
2022-03-09,0.203,US$/Wp
2022-03-09,0.3,US$/Wp
2022-03-09,0.3,US$/Wp
2022-03-09,0.265,US$/Wp
2022-03-09,0.27,US$/Wp
2022-03-09,0.27,US$/Wp
2022-03-09,0.275,US$/Wp
2022-03-09,0.275,US$/Wp
2022-03-16,0.202,US$/Wp
2022-03-16,0.3,US$/Wp
2022-03-16,0.3,US$/Wp
2022-03-16,0.265,US$/Wp
2022-03-16,0.27,US$/Wp
2022-03-16,0.27,US$/Wp
2022-03-16,0.275,US$/Wp
2022-03-16,0.275,US$/Wp
2022-03-23,0.202,US$/Wp
2022-03-23,0.3,US$/Wp
2022-03-23,0.3,US$/Wp
2022-03-23,0.265,US$/Wp
2022-03-23,0.27,US$/Wp
2022-03-23,0.27,US$/Wp
2022-03-23,0.275,US$/Wp
2022-03-23,0.275,US$/Wp
2022-03-30,0.202,US$/Wp
2022-03-30,0.3,US$/Wp
2022-03-30,0.3,US$/Wp
2022-03-30,0.265,US$/Wp
2022-03-30,0.27,US$/Wp
2022-03-30,0.27,US$/Wp
2022-03-30,0.275,US$/Wp
2022-03-30,0.275,US$/Wp
2022-04-06,0.201,US$/Wp
2022-04-06,0.3,US$/Wp
2022-04-06,0.3,US$/Wp
2022-04-06,0.265,US$/Wp
2022-04-06,0.27,US$/Wp
2022-04-06,0.27,US$/Wp
2022-04-06,0.275,US$/Wp
2022-04-06,0.275,US$/Wp
2022-04-13,0.201,US$/Wp
2022-04-13,0.3,US$/Wp
2022-04-13,0.3,US$/Wp
2022-04-13,0.265,US$/Wp
2022-04-13,0.27,US$/Wp
2022-04-13,0.27,US$/Wp
2022-04-13,0.275,US$/Wp
2022-04-13,0.275,US$/Wp
2022-04-20,0.201,US$/Wp
2022-04-20,0.29,US$/Wp
2022-04-20,0.29,US$/Wp
2022-04-20,0.265,US$/Wp
2022-04-20,0.27,US$/Wp
2022-04-20,0.27,US$/Wp
2022-04-20,0.275,US$/Wp
2022-04-20,0.275,US$/Wp
2022-04-27,0.2,US$/Wp
2022-04-27,0.29,US$/Wp
2022-04-27,0.29,US$/Wp
2022-04-27,0.265,US$/Wp
2022-04-27,0.27,US$/Wp
2022-04-27,0.27,US$/Wp
2022-04-27,0.275,US$/Wp
2022-04-27,0.275,US$/Wp
2022-05-04,0.2,US$/Wp
2022-05-04,0.29,US$/Wp
2022-05-04,0.29,US$/Wp
2022-05-04,0.265,US$/Wp
2022-05-04,0.27,US$/Wp
2022-05-04,0.27,US$/Wp
2022-05-04,0.275,US$/Wp
2022-05-04,0.275,US$/Wp
2022-05-11,0.199,US$/Wp
2022-05-11,0.28,US$/Wp
2022-05-11,0.28,US$/Wp
2022-05-11,0.265,US$/Wp
2022-05-11,0.27,US$/Wp
2022-05-11,0.27,US$/Wp
2022-05-11,0.275,US$/Wp
2022-05-11,0.275,US$/Wp
2022-05-18,0.199,US$/Wp
2022-05-18,0.29,US$/Wp
2022-05-18,0.29,US$/Wp
2022-05-18,0.265,US$/Wp
2022-05-18,0.27,US$/Wp
2022-05-18,0.27,US$/Wp
2022-05-18,0.275,US$/Wp
2022-05-18,0.275,US$/Wp
2022-05-25,0.209,US$/Wp
2022-05-25,0.29,US$/Wp
2022-05-25,0.29,US$/Wp
2022-05-25,0.265,US$/Wp
2022-05-25,0.27,US$/Wp
2022-05-25,0.27,US$/Wp
2022-05-25,0.275,US$/Wp
2022-05-25,0.275,US$/Wp
2022-06-01,0.209,US$/Wp
2022-06-01,0.29,US$/Wp
2022-06-01,0.29,US$/Wp
2022-06-01,0.265,US$/Wp
2022-06-01,0.27,US$/Wp
2022-06-01,0.27,US$/Wp
2022-06-01,0.275,US$/Wp
2022-06-01,0.275,US$/Wp
2022-06-08,0.209,US$/Wp
2022-06-08,0.29,US$/Wp
2022-06-08,0.29,US$/Wp
2022-06-08,0.265,US$/Wp
2022-06-08,0.27,US$/Wp
2022-06-08,0.27,US$/Wp
2022-06-08,0.275,US$/Wp
2022-06-08,0.275,US$/Wp
2022-06-15,0.208,US$/Wp
2022-06-15,0.29,US$/Wp
2022-06-15,0.29,US$/Wp
2022-06-15,0.265,US$/Wp
2022-06-15,0.27,US$/Wp
2022-06-15,0.27,US$/Wp
2022-06-15,0.275,US$/Wp
2022-06-15,0.275,US$/Wp
2022-06-22,0.208,US$/Wp
2022-06-22,0.29,US$/Wp
2022-06-22,0.29,US$/Wp
2022-06-22,0.265,US$/Wp
2022-06-22,0.27,US$/Wp
2022-06-22,0.27,US$/Wp
2022-06-22,0.275,US$/Wp
2022-06-22,0.275,US$/Wp
2022-06-29,0.216,US$/Wp
2022-06-29,0.29,US$/Wp
2022-06-29,0.29,US$/Wp
2022-06-29,0.265,US$/Wp
2022-06-29,0.27,US$/Wp
2022-06-29,0.27,US$/Wp
2022-06-29,0.275,US$/Wp
2022-06-29,0.275,US$/Wp
2022-07-06,0.218,US$/Wp
2022-07-06,0.29,US$/Wp
2022-07-06,0.29,US$/Wp
2022-07-06,0.265,US$/Wp
2022-07-06,0.27,US$/Wp
2022-07-06,0.27,US$/Wp
2022-07-06,0.275,US$/Wp
2022-07-06,0.275,US$/Wp
2022-07-13,0.218,US$/Wp
2022-07-13,0.29,US$/Wp
2022-07-13,0.29,US$/Wp
2022-07-13,0.265,US$/Wp
2022-07-13,0.27,US$/Wp
2022-07-13,0.27,US$/Wp
2022-07-13,0.275,US$/Wp
2022-07-13,0.275,US$/Wp
2022-07-20,0.218,US$/Wp
2022-07-20,0.29,US$/Wp
2022-07-20,0.29,US$/Wp
2022-07-20,0.29,US$/Wp
2022-07-20,0.29,US$/Wp
2022-07-20,0.265,US$/Wp
2022-07-20,0.27,US$/Wp
2022-07-20,0.27,US$/Wp
2022-07-20,0.275,US$/Wp
2022-07-20,0.275,US$/Wp
2022-07-27,0.218,US$/Wp
2022-07-27,0.29,US$/Wp
2022-07-27,0.29,US$/Wp
2022-07-27,0.29,US$/Wp
2022-07-27,0.29,US$/Wp
2022-07-27,0.265,US$/Wp
2022-07-27,0.27,US$/Wp
2022-07-27,0.27,US$/Wp
2022-07-27,0.275,US$/Wp
2022-07-27,0.275,US$/Wp
2022-08-03,0.218,US$/Wp
2022-08-03,0.29,US$/Wp
2022-08-03,0.29,US$/Wp
2022-08-03,0.29,US$/Wp
2022-08-03,0.29,US$/Wp
2022-08-03,0.265,US$/Wp
2022-08-03,0.27,US$/Wp
2022-08-03,0.27,US$/Wp
2022-08-03,0.275,US$/Wp
2022-08-03,0.275,US$/Wp
2022-08-10,0.218,US$/Wp
2022-08-10,0.29,US$/Wp
2022-08-10,0.29,US$/Wp
2022-08-10,0.29,US$/Wp
2022-08-10,0.29,US$/Wp
2022-08-10,0.265,US$/Wp
2022-08-10,0.27,US$/Wp
2022-08-10,0.27,US$/Wp
2022-08-10,0.275,US$/Wp
2022-08-10,0.275,US$/Wp
2022-08-17,0.218,US$/Wp
2022-08-17,0.29,US$/Wp
2022-08-17,0.29,US$/Wp
2022-08-17,0.29,US$/Wp
2022-08-17,0.29,US$/Wp
2022-08-17,0.265,US$/Wp
2022-08-17,0.27,US$/Wp
2022-08-17,0.27,US$/Wp
2022-08-17,0.275,US$/Wp
2022-08-17,0.275,US$/Wp
2022-08-24,0.217,US$/Wp
2022-08-24,0.28,US$/Wp
2022-08-24,0.28,US$/Wp
2022-08-24,0.29,US$/Wp
2022-08-24,0.29,US$/Wp
2022-08-24,0.265,US$/Wp
2022-08-24,0.27,US$/Wp
2022-08-24,0.27,US$/Wp
2022-08-24,0.275,US$/Wp
2022-08-24,0.275,US$/Wp
2022-08-31,0.215,US$/Wp
2022-08-31,0.29,US$/Wp
2022-08-31,0.29,US$/Wp
2022-08-31,0.29,US$/Wp
2022-08-31,0.29,US$/Wp
2022-08-31,0.265,US$/Wp
2022-08-31,0.27,US$/Wp
2022-08-31,0.27,US$/Wp
2022-08-31,0.275,US$/Wp
2022-08-31,0.275,US$/Wp
2022-09-07,0.213,US$/Wp
2022-09-07,0.28,US$/Wp
2022-09-07,0.28,US$/Wp
2022-09-07,0.28,US$/Wp
2022-09-07,0.28,US$/Wp
2022-09-07,0.265,US$/Wp
2022-09-07,0.27,US$/Wp
2022-09-07,0.27,US$/Wp
2022-09-07,0.275,US$/Wp
2022-09-07,0.275,US$/Wp
2022-09-14,0.212,US$/Wp
2022-09-14,0.28,US$/Wp
2022-09-14,0.28,US$/Wp
2022-09-14,0.28,US$/Wp
2022-09-14,0.28,US$/Wp
2022-09-14,0.26,US$/Wp
2022-09-14,0.268,US$/Wp
2022-09-14,0.268,US$/Wp
2022-09-14,0.273,US$/Wp
2022-09-14,0.273,US$/Wp
2022-09-21,0.21,US$/Wp
2022-09-21,0.28,US$/Wp
2022-09-21,0.28,US$/Wp
2022-09-21,0.28,US$/Wp
2022-09-21,0.28,US$/Wp
2022-09-21,0.26,US$/Wp
2022-09-21,0.265,US$/Wp
2022-09-21,0.265,US$/Wp
2022-09-21,0.27,US$/Wp
2022-09-21,0.27,US$/Wp
2022-09-28,0.204,US$/Wp
2022-09-28,0.28,US$/Wp
2022-09-28,0.28,US$/Wp
2022-09-28,0.28,US$/Wp
2022-09-28,0.28,US$/Wp
2022-09-28,0.255,US$/Wp
2022-09-28,0.26,US$/Wp
2022-09-28,0.26,US$/Wp
2022-09-28,0.265,US$/Wp
2022-09-28,0.265,US$/Wp
2022-10-05,0.204,US$/Wp
2022-10-05,0.28,US$/Wp
2022-10-05,0.28,US$/Wp
2022-10-05,0.28,US$/Wp
2022-10-05,0.28,US$/Wp
2022-10-05,0.255,US$/Wp
2022-10-05,0.26,US$/Wp
2022-10-05,0.26,US$/Wp
2022-10-05,0.265,US$/Wp
2022-10-05,0.265,US$/Wp
2022-10-12,0.203,US$/Wp
2022-10-12,0.27,US$/Wp
2022-10-12,0.27,US$/Wp
2022-10-12,0.28,US$/Wp
2022-10-12,0.28,US$/Wp
2022-10-12,0.25,US$/Wp
2022-10-12,0.26,US$/Wp
2022-10-12,0.26,US$/Wp
2022-10-12,0.265,US$/Wp
2022-10-12,0.265,US$/Wp
2022-10-19,0.201,US$/Wp
2022-10-19,0.27,US$/Wp
2022-10-19,0.27,US$/Wp
2022-10-19,0.28,US$/Wp
2022-10-19,0.28,US$/Wp
2022-10-19,0.25,US$/Wp
2022-10-19,0.26,US$/Wp
2022-10-19,0.26,US$/Wp
2022-10-19,0.265,US$/Wp
2022-10-19,0.265,US$/Wp
2022-10-26,0.2,US$/Wp
2022-10-26,0.27,US$/Wp
2022-10-26,0.27,US$/Wp
2022-10-26,0.28,US$/Wp
2022-10-26,0.28,US$/Wp
2022-10-26,0.25,US$/Wp
2022-10-26,0.26,US$/Wp
2022-10-26,0.26,US$/Wp
2022-10-26,0.265,US$/Wp
2022-10-26,0.265,US$/Wp
2022-11-02,0.198,US$/Wp
2022-11-02,0.27,US$/Wp
2022-11-02,0.27,US$/Wp
2022-11-02,0.27,US$/Wp
2022-11-02,0.27,US$/Wp
2022-11-02,0.25,US$/Wp
2022-11-02,0.26,US$/Wp
2022-11-02,0.26,US$/Wp
2022-11-02,0.265,US$/Wp
2022-11-02,0.265,US$/Wp
2022-11-09,0.197,US$/Wp
2022-11-09,0.27,US$/Wp
2022-11-09,0.27,US$/Wp
2022-11-09,0.27,US$/Wp
2022-11-09,0.27,US$/Wp
2022-11-09,0.25,US$/Wp
2022-11-09,0.26,US$/Wp
2022-11-09,0.26,US$/Wp
2022-11-09,0.265,US$/Wp
2022-11-09,0.265,US$/Wp
2022-11-16,0.201,US$/Wp
2022-11-16,0.28,US$/Wp
2022-11-16,0.28,US$/Wp
2022-11-16,0.28,US$/Wp
2022-11-16,0.28,US$/Wp
2022-11-16,0.25,US$/Wp
2022-11-16,0.255,US$/Wp
2022-11-16,0.255,US$/Wp
2022-11-16,0.26,US$/Wp
2022-11-16,0.26,US$/Wp
2022-11-23,0.2,US$/Wp
2022-11-23,0.27,US$/Wp
2022-11-23,0.27,US$/Wp
2022-11-23,0.28,US$/Wp
2022-11-23,0.28,US$/Wp
2022-11-23,0.25,US$/Wp
2022-11-23,0.255,US$/Wp
2022-11-23,0.255,US$/Wp
2022-11-23,0.26,US$/Wp
2022-11-23,0.26,US$/Wp
2022-11-30,0.2,US$/Wp
2022-11-30,0.28,US$/Wp
2022-11-30,0.28,US$/Wp
2022-11-30,0.28,US$/Wp
2022-11-30,0.28,US$/Wp
2022-11-30,0.245,US$/Wp
2022-11-30,0.25,US$/Wp
2022-11-30,0.25,US$/Wp
2022-11-30,0.255,US$/Wp
2022-11-30,0.255,US$/Wp
2022-12-07,0.204,US$/Wp
2022-12-07,0.28,US$/Wp
2022-12-07,0.28,US$/Wp
2022-12-07,0.28,US$/Wp
2022-12-07,0.28,US$/Wp
2022-12-07,0.24,US$/Wp
2022-12-07,0.245,US$/Wp
2022-12-07,0.245,US$/Wp
2022-12-07,0.25,US$/Wp
2022-12-07,0.25,US$/Wp
2022-12-14,0.203,US$/Wp
2022-12-14,0.28,US$/Wp
2022-12-14,0.28,US$/Wp
2022-12-14,0.28,US$/Wp
2022-12-14,0.28,US$/Wp
2022-12-14,0.24,US$/Wp
2022-12-14,0.245,US$/Wp
2022-12-14,0.245,US$/Wp
2022-12-14,0.25,US$/Wp
2022-12-14,0.25,US$/Wp
2022-12-21,0.201,US$/Wp
2022-12-21,0.28,US$/Wp
2022-12-21,0.28,US$/Wp
2022-12-21,0.28,US$/Wp
2022-12-21,0.28,US$/Wp
2022-12-21,0.235,US$/Wp
2022-12-21,0.24,US$/Wp
2022-12-21,0.24,US$/Wp
2022-12-21,0.245,US$/Wp
2022-12-21,0.245,US$/Wp
2022-12-28,0.198,US$/Wp
2022-12-28,0.27,US$/Wp
2022-12-28,0.27,US$/Wp
2022-12-28,0.28,US$/Wp
2022-12-28,0.28,US$/Wp
2022-12-28,0.235,US$/Wp
2022-12-28,0.24,US$/Wp
2022-12-28,0.24,US$/Wp
2022-12-28,0.245,US$/Wp
2022-12-28,0.245,US$/Wp
2023-01-04,0.192,US$/Wp
2023-01-04,0.26,US$/Wp
2023-01-04,0.26,US$/Wp
2023-01-04,0.26,US$/Wp
2023-01-04,0.26,US$/Wp
2023-01-04,0.235,US$/Wp
2023-01-04,0.24,US$/Wp
2023-01-04,0.24,US$/Wp
2023-01-04,0.245,US$/Wp
2023-01-04,0.245,US$/Wp
2023-01-11,0.19,US$/Wp
2023-01-11,0.26,US$/Wp
2023-01-11,0.26,US$/Wp
2023-01-11,0.26,US$/Wp
2023-01-11,0.26,US$/Wp
2023-01-11,0.23,US$/Wp
2023-01-11,0.23,US$/Wp
2023-01-11,0.235,US$/Wp
2023-01-11,0.235,US$/Wp
2023-01-18,0.19,US$/Wp
2023-01-18,0.26,US$/Wp
2023-01-18,0.26,US$/Wp
2023-01-18,0.26,US$/Wp
2023-01-18,0.26,US$/Wp
2023-01-18,0.225,US$/Wp
2023-01-18,0.225,US$/Wp
2023-01-18,0.23,US$/Wp
2023-01-18,0.23,US$/Wp
2023-01-25,0.19,US$/Wp
2023-01-25,0.26,US$/Wp
2023-01-25,0.26,US$/Wp
2023-01-25,0.26,US$/Wp
2023-01-25,0.26,US$/Wp
2023-01-25,0.225,US$/Wp
2023-01-25,0.225,US$/Wp
2023-01-25,0.23,US$/Wp
2023-01-25,0.23,US$/Wp
2023-02-01,0.189,US$/Wp
2023-02-01,0.26,US$/Wp
2023-02-01,0.26,US$/Wp
2023-02-01,0.27,US$/Wp
2023-02-01,0.27,US$/Wp
2023-02-01,0.225,US$/Wp
2023-02-01,0.225,US$/Wp
2023-02-01,0.23,US$/Wp
2023-02-01,0.23,US$/Wp
2023-02-08,0.189,US$/Wp
2023-02-08,0.26,US$/Wp
2023-02-08,0.26,US$/Wp
2023-02-08,0.26,US$/Wp
2023-02-08,0.26,US$/Wp
2023-02-08,0.225,US$/Wp
2023-02-08,0.225,US$/Wp
2023-02-08,0.23,US$/Wp
2023-02-08,0.23,US$/Wp
2023-02-15,0.189,US$/Wp
2023-02-15,0.26,US$/Wp
2023-02-15,0.26,US$/Wp
2023-02-15,0.26,US$/Wp
2023-02-15,0.26,US$/Wp
2023-02-15,0.225,US$/Wp
2023-02-15,0.225,US$/Wp
2023-02-15,0.23,US$/Wp
2023-02-15,0.23,US$/Wp
2023-02-22,0.187,US$/Wp
2023-02-22,0.26,US$/Wp
2023-02-22,0.26,US$/Wp
2023-02-22,0.26,US$/Wp
2023-02-22,0.26,US$/Wp
2023-02-22,0.225,US$/Wp
2023-02-22,0.225,US$/Wp
2023-02-22,0.23,US$/Wp
2023-02-22,0.23,US$/Wp
2023-03-01,0.186,US$/Wp
2023-03-01,0.25,US$/Wp
2023-03-01,0.25,US$/Wp
2023-03-01,0.26,US$/Wp
2023-03-01,0.26,US$/Wp
2023-03-01,0.22,US$/Wp
2023-03-01,0.22,US$/Wp
2023-03-01,0.225,US$/Wp
2023-03-01,0.225,US$/Wp
2023-03-08,0.185,US$/Wp
2023-03-08,0.25,US$/Wp
2023-03-08,0.25,US$/Wp
2023-03-08,0.26,US$/Wp
2023-03-08,0.26,US$/Wp
2023-03-08,0.22,US$/Wp
2023-03-08,0.22,US$/Wp
2023-03-08,0.225,US$/Wp
2023-03-08,0.225,US$/Wp
2023-03-15,0.185,US$/Wp
2023-03-15,0.25,US$/Wp
2023-03-15,0.25,US$/Wp
2023-03-15,0.26,US$/Wp
2023-03-15,0.26,US$/Wp
2023-03-15,0.22,US$/Wp
2023-03-15,0.22,US$/Wp
2023-03-15,0.225,US$/Wp
2023-03-15,0.225,US$/Wp
2023-03-22,0.185,US$/Wp
2023-03-22,0.25,US$/Wp
2023-03-22,0.25,US$/Wp
2023-03-22,0.26,US$/Wp
2023-03-22,0.26,US$/Wp
2023-03-22,0.22,US$/Wp
2023-03-22,0.22,US$/Wp
2023-03-22,0.225,US$/Wp
2023-03-22,0.225,US$/Wp
2023-03-29,0.185,US$/Wp
2023-03-29,0.208,US$/Wp
2023-03-29,0.25,US$/Wp
2023-03-29,0.25,US$/Wp
2023-03-29,0.26,US$/Wp
2023-03-29,0.26,US$/Wp
2023-03-29,0.22,US$/Wp
2023-03-29,0.22,US$/Wp
2023-03-29,0.225,US$/Wp
2023-03-29,0.225,US$/Wp
2023-04-05,0.206,US$/Wp
2023-04-05,0.25,US$/Wp
2023-04-05,0.25,US$/Wp
2023-04-05,0.26,US$/Wp
2023-04-05,0.26,US$/Wp
2023-04-05,0.215,US$/Wp
2023-04-05,0.215,US$/Wp
2023-04-05,0.22,US$/Wp
2023-04-05,0.22,US$/Wp
2023-04-12,0.205,US$/Wp
2023-04-12,0.24,US$/Wp
2023-04-12,0.24,US$/Wp
2023-04-12,0.25,US$/Wp
2023-04-12,0.25,US$/Wp
2023-04-12,0.215,US$/Wp
2023-04-12,0.215,US$/Wp
2023-04-12,0.22,US$/Wp
2023-04-12,0.22,US$/Wp
2023-04-19,0.205,US$/Wp
2023-04-19,0.24,US$/Wp
2023-04-19,0.24,US$/Wp
2023-04-19,0.25,US$/Wp
2023-04-19,0.25,US$/Wp
2023-04-19,0.215,US$/Wp
2023-04-19,0.215,US$/Wp
2023-04-19,0.22,US$/Wp
2023-04-19,0.22,US$/Wp
2023-04-19,0.26,US$/Wp
2023-04-19,0.28,US$/Wp
2023-04-26,0.205,US$/Wp
2023-04-26,0.24,US$/Wp
2023-04-26,0.24,US$/Wp
2023-04-26,0.24,US$/Wp
2023-04-26,0.25,US$/Wp
2023-04-26,0.215,US$/Wp
2023-04-26,0.215,US$/Wp
2023-04-26,0.22,US$/Wp
2023-04-26,0.22,US$/Wp
2023-04-26,0.26,US$/Wp
2023-04-26,0.28,US$/Wp
2023-05-03,0.205,US$/Wp
2023-05-03,0.24,US$/Wp
2023-05-03,0.24,US$/Wp
2023-05-03,0.24,US$/Wp
2023-05-03,0.25,US$/Wp
2023-05-03,0.215,US$/Wp
2023-05-03,0.215,US$/Wp
2023-05-03,0.22,US$/Wp
2023-05-03,0.22,US$/Wp
2023-05-03,0.26,US$/Wp
2023-05-03,0.28,US$/Wp
2023-05-10,0.203,US$/Wp
2023-05-10,0.24,US$/Wp
2023-05-10,0.24,US$/Wp
2023-05-10,0.24,US$/Wp
2023-05-10,0.25,US$/Wp
2023-05-10,0.21,US$/Wp
2023-05-10,0.21,US$/Wp
2023-05-10,0.215,US$/Wp
2023-05-10,0.215,US$/Wp
2023-05-10,0.26,US$/Wp
2023-05-10,0.28,US$/Wp
2023-05-17,0.198,US$/Wp
2023-05-17,0.24,US$/Wp
2023-05-17,0.24,US$/Wp
2023-05-17,0.24,US$/Wp
2023-05-17,0.24,US$/Wp
2023-05-17,0.21,US$/Wp
2023-05-17,0.21,US$/Wp
2023-05-17,0.215,US$/Wp
2023-05-17,0.215,US$/Wp
2023-05-17,0.25,US$/Wp
2023-05-17,0.27,US$/Wp
2023-05-24,0.195,US$/Wp
2023-05-24,0.23,US$/Wp
2023-05-24,0.23,US$/Wp
2023-05-24,0.23,US$/Wp
2023-05-24,0.24,US$/Wp
2023-05-24,0.21,US$/Wp
2023-05-24,0.21,US$/Wp
2023-05-24,0.215,US$/Wp
2023-05-24,0.215,US$/Wp
2023-05-24,0.25,US$/Wp
2023-05-24,0.26,US$/Wp
2023-05-31,0.193,US$/Wp
2023-05-31,0.23,US$/Wp
2023-05-31,0.23,US$/Wp
2023-05-31,0.23,US$/Wp
2023-05-31,0.23,US$/Wp
2023-05-31,0.21,US$/Wp
2023-05-31,0.21,US$/Wp
2023-05-31,0.215,US$/Wp
2023-05-31,0.215,US$/Wp
2023-05-31,0.24,US$/Wp
2023-05-31,0.26,US$/Wp
2023-06-07,0.187,US$/Wp
2023-06-07,0.218,US$/Wp
2023-06-07,0.221,US$/Wp
2023-06-07,0.22,US$/Wp
2023-06-07,0.223,US$/Wp
2023-06-07,0.205,US$/Wp
2023-06-07,0.205,US$/Wp
2023-06-07,0.21,US$/Wp
2023-06-07,0.21,US$/Wp
2023-06-07,0.238,US$/Wp
2023-06-07,0.252,US$/Wp
2023-06-14,0.167,US$/Wp
2023-06-14,0.203,US$/Wp
2023-06-14,0.207,US$/Wp
2023-06-14,0.204,US$/Wp
2023-06-14,0.209,US$/Wp
2023-06-14,0.2,US$/Wp
2023-06-14,0.2,US$/Wp
2023-06-14,0.205,US$/Wp
2023-06-14,0.205,US$/Wp
2023-06-14,0.224,US$/Wp
2023-06-14,0.245,US$/Wp
2023-06-21,0.165,US$/Wp
2023-06-21,0.199,US$/Wp
2023-06-21,0.202,US$/Wp
2023-06-21,0.201,US$/Wp
2023-06-21,0.203,US$/Wp
2023-06-21,0.2,US$/Wp
2023-06-21,0.2,US$/Wp
2023-06-21,0.205,US$/Wp
2023-06-21,0.205,US$/Wp
2023-06-21,0.216,US$/Wp
2023-06-21,0.242,US$/Wp
2023-06-28,0.151,US$/Wp
2023-06-28,0.186,US$/Wp
2023-06-28,0.189,US$/Wp
2023-06-28,0.187,US$/Wp
2023-06-28,0.19,US$/Wp
2023-06-28,0.195,US$/Wp
2023-06-28,0.195,US$/Wp
2023-06-28,0.2,US$/Wp
2023-06-28,0.2,US$/Wp
2023-06-28,0.214,US$/Wp
2023-06-28,0.233,US$/Wp
2023-07-05,0.15,US$/Wp
2023-07-05,0.184,US$/Wp
2023-07-05,0.187,US$/Wp
2023-07-05,0.187,US$/Wp
2023-07-05,0.19,US$/Wp
2023-07-05,0.19,US$/Wp
2023-07-05,0.19,US$/Wp
2023-07-05,0.194,US$/Wp
2023-07-05,0.194,US$/Wp
2023-07-05,0.208,US$/Wp
2023-07-05,0.226,US$/Wp
2023-07-12,0.15,US$/Wp
2023-07-12,0.185,US$/Wp
2023-07-12,0.188,US$/Wp
2023-07-12,0.188,US$/Wp
2023-07-12,0.191,US$/Wp
2023-07-12,0.185,US$/Wp
2023-07-12,0.185,US$/Wp
2023-07-12,0.19,US$/Wp
2023-07-12,0.19,US$/Wp
2023-07-12,0.202,US$/Wp
2023-07-12,0.22,US$/Wp
2023-07-19,0.15,US$/Wp
2023-07-19,0.185,US$/Wp
2023-07-19,0.188,US$/Wp
2023-07-19,0.188,US$/Wp
2023-07-19,0.191,US$/Wp
2023-07-19,0.18,US$/Wp
2023-07-19,0.18,US$/Wp
2023-07-19,0.185,US$/Wp
2023-07-19,0.185,US$/Wp
2023-07-19,0.199,US$/Wp
2023-07-19,0.22,US$/Wp
2023-07-26,0.148,US$/Wp
2023-07-26,0.182,US$/Wp
2023-07-26,0.186,US$/Wp
2023-07-26,0.183,US$/Wp
2023-07-26,0.188,US$/Wp
2023-07-26,0.18,US$/Wp
2023-07-26,0.18,US$/Wp
2023-07-26,0.185,US$/Wp
2023-07-26,0.185,US$/Wp
2023-07-26,0.2,US$/Wp
2023-07-26,0.221,US$/Wp
2023-08-02,0.147,US$/Wp
2023-08-02,0.178,US$/Wp
2023-08-02,0.181,US$/Wp
2023-08-02,0.181,US$/Wp
2023-08-02,0.184,US$/Wp
2023-08-02,0.175,US$/Wp
2023-08-02,0.175,US$/Wp
2023-08-02,0.18,US$/Wp
2023-08-02,0.18,US$/Wp
2023-08-02,0.195,US$/Wp
2023-08-02,0.22,US$/Wp
2023-08-09,0.146,US$/Wp
2023-08-09,0.178,US$/Wp
2023-08-09,0.181,US$/Wp
2023-08-09,0.181,US$/Wp
2023-08-09,0.184,US$/Wp
2023-08-09,0.175,US$/Wp
2023-08-09,0.175,US$/Wp
2023-08-09,0.18,US$/Wp
2023-08-09,0.18,US$/Wp
2023-08-09,0.195,US$/Wp
2023-08-09,0.22,US$/Wp
2023-08-16,0.145,US$/Wp
2023-08-16,0.174,US$/Wp
2023-08-16,0.173,US$/Wp
2023-08-16,0.176,US$/Wp
2023-08-16,0.184,US$/Wp
2023-08-16,0.17,US$/Wp
2023-08-16,0.17,US$/Wp
2023-08-16,0.175,US$/Wp
2023-08-16,0.175,US$/Wp
2023-08-16,0.185,US$/Wp
2023-08-16,0.217,US$/Wp
2023-08-23,0.144,US$/Wp
2023-08-23,0.169,US$/Wp
2023-08-23,0.169,US$/Wp
2023-08-23,0.17,US$/Wp
2023-08-23,0.184,US$/Wp
2023-08-23,0.17,US$/Wp
2023-08-23,0.17,US$/Wp
2023-08-23,0.175,US$/Wp
2023-08-23,0.175,US$/Wp
2023-08-23,0.186,US$/Wp
2023-08-23,0.217,US$/Wp
2023-08-30,0.142,US$/Wp
2023-08-30,0.169,US$/Wp
2023-08-30,0.169,US$/Wp
2023-08-30,0.17,US$/Wp
2023-08-30,0.184,US$/Wp
2023-08-30,0.17,US$/Wp
2023-08-30,0.17,US$/Wp
2023-08-30,0.175,US$/Wp
2023-08-30,0.175,US$/Wp
2023-08-30,0.185,US$/Wp
2023-08-30,0.217,US$/Wp
2023-09-06,0.141,US$/Wp
2023-09-06,0.168,US$/Wp
2023-09-06,0.168,US$/Wp
2023-09-06,0.169,US$/Wp
2023-09-06,0.184,US$/Wp
2023-09-06,0.16,US$/Wp
2023-09-06,0.16,US$/Wp
2023-09-06,0.165,US$/Wp
2023-09-06,0.165,US$/Wp
2023-09-06,0.182,US$/Wp
2023-09-06,0.216,US$/Wp
2023-09-13,0.14,US$/Wp
2023-09-13,0.169,US$/Wp
2023-09-13,0.169,US$/Wp
2023-09-13,0.17,US$/Wp
2023-09-13,0.184,US$/Wp
2023-09-13,0.16,US$/Wp
2023-09-13,0.16,US$/Wp
2023-09-13,0.165,US$/Wp
2023-09-13,0.165,US$/Wp
2023-09-13,0.183,US$/Wp
2023-09-13,0.213,US$/Wp
2023-09-20,0.14,US$/Wp
2023-09-20,0.166,US$/Wp
2023-09-20,0.168,US$/Wp
2023-09-20,0.168,US$/Wp
2023-09-20,0.17,US$/Wp
2023-09-20,0.15,US$/Wp
2023-09-20,0.15,US$/Wp
2023-09-20,0.155,US$/Wp
2023-09-20,0.155,US$/Wp
2023-09-20,0.178,US$/Wp
2023-09-20,0.21,US$/Wp
2023-09-27,0.139,US$/Wp
2023-09-27,0.166,US$/Wp
2023-09-27,0.168,US$/Wp
2023-09-27,0.168,US$/Wp
2023-09-27,0.17,US$/Wp
2023-09-27,0.15,US$/Wp
2023-09-27,0.15,US$/Wp
2023-09-27,0.155,US$/Wp
2023-09-27,0.155,US$/Wp
2023-09-27,0.178,US$/Wp
2023-09-27,0.206,US$/Wp
2023-10-04,0.138,US$/Wp
2023-10-04,0.166,US$/Wp
2023-10-04,0.168,US$/Wp
2023-10-04,0.168,US$/Wp
2023-10-04,0.17,US$/Wp
2023-10-04,0.15,US$/Wp
2023-10-04,0.15,US$/Wp
2023-10-04,0.155,US$/Wp
2023-10-04,0.155,US$/Wp
2023-10-04,0.18,US$/Wp
2023-10-04,0.208,US$/Wp
2023-10-11,0.133,US$/Wp
2023-10-11,0.164,US$/Wp
2023-10-11,0.166,US$/Wp
2023-10-11,0.166,US$/Wp
2023-10-11,0.167,US$/Wp
2023-10-11,0.145,US$/Wp
2023-10-11,0.145,US$/Wp
2023-10-11,0.15,US$/Wp
2023-10-11,0.15,US$/Wp
2023-10-11,0.175,US$/Wp
2023-10-11,0.203,US$/Wp
2023-10-18,0.131,US$/Wp
2023-10-18,0.164,US$/Wp
2023-10-18,0.165,US$/Wp
2023-10-18,0.165,US$/Wp
2023-10-18,0.167,US$/Wp
2023-10-18,0.135,US$/Wp
2023-10-18,0.135,US$/Wp
2023-10-18,0.14,US$/Wp
2023-10-18,0.14,US$/Wp
2023-10-18,0.169,US$/Wp
2023-10-18,0.199,US$/Wp
2023-10-25,0.128,US$/Wp
2023-10-25,0.157,US$/Wp
2023-10-25,0.158,US$/Wp
2023-10-25,0.158,US$/Wp
2023-10-25,0.16,US$/Wp
2023-10-25,0.135,US$/Wp
2023-10-25,0.135,US$/Wp
2023-10-25,0.14,US$/Wp
2023-10-25,0.14,US$/Wp
2023-10-25,0.164,US$/Wp
2023-10-25,0.191,US$/Wp
2023-11-01,0.125,US$/Wp
2023-11-01,0.148,US$/Wp
2023-11-01,0.152,US$/Wp
2023-11-01,0.149,US$/Wp
2023-11-01,0.154,US$/Wp
2023-11-01,0.13,US$/Wp
2023-11-01,0.13,US$/Wp
2023-11-01,0.135,US$/Wp
2023-11-01,0.135,US$/Wp
2023-11-01,0.161,US$/Wp
2023-11-01,0.189,US$/Wp
2023-11-08,0.122,US$/Wp
2023-11-08,0.148,US$/Wp
2023-11-08,0.152,US$/Wp
2023-11-08,0.15,US$/Wp
2023-11-08,0.154,US$/Wp
2023-11-08,0.13,US$/Wp
2023-11-08,0.13,US$/Wp
2023-11-08,0.135,US$/Wp
2023-11-08,0.135,US$/Wp
2023-11-08,0.159,US$/Wp
2023-11-08,0.189,US$/Wp
2023-11-15,0.121,US$/Wp
2023-11-15,0.146,US$/Wp
2023-11-15,0.149,US$/Wp
2023-11-15,0.148,US$/Wp
2023-11-15,0.15,US$/Wp
2023-11-15,0.13,US$/Wp
2023-11-15,0.13,US$/Wp
2023-11-15,0.135,US$/Wp
2023-11-15,0.135,US$/Wp
2023-11-15,0.156,US$/Wp
2023-11-15,0.186,US$/Wp
2023-11-22,0.12,US$/Wp
2023-11-22,0.145,US$/Wp
2023-11-22,0.146,US$/Wp
2023-11-22,0.146,US$/Wp
2023-11-22,0.15,US$/Wp
2023-11-22,0.13,US$/Wp
2023-11-22,0.13,US$/Wp
2023-11-22,0.135,US$/Wp
2023-11-22,0.135,US$/Wp
2023-11-22,0.154,US$/Wp
2023-11-22,0.19,US$/Wp
2023-11-29,0.117,US$/Wp
2023-11-29,0.129,US$/Wp
2023-11-29,0.13,US$/Wp
2023-11-29,0.13,US$/Wp
2023-11-29,0.131,US$/Wp
2023-11-29,0.13,US$/Wp
2023-11-29,0.13,US$/Wp
2023-11-29,0.135,US$/Wp
2023-11-29,0.135,US$/Wp
2023-11-29,0.154,US$/Wp
2023-11-29,0.187,US$/Wp
2023-12-06,0.114,US$/Wp
2023-12-06,0.126,US$/Wp
2023-12-06,0.128,US$/Wp
2023-12-06,0.128,US$/Wp
2023-12-06,0.129,US$/Wp
2023-12-06,0.13,US$/Wp
2023-12-06,0.13,US$/Wp
2023-12-06,0.135,US$/Wp
2023-12-06,0.135,US$/Wp
2023-12-06,0.15,US$/Wp
2023-12-06,0.184,US$/Wp
2023-12-13,0.112,US$/Wp
2023-12-13,0.126,US$/Wp
2023-12-13,0.128,US$/Wp
2023-12-13,0.128,US$/Wp
2023-12-13,0.129,US$/Wp
2023-12-13,0.125,US$/Wp
2023-12-13,0.125,US$/Wp
2023-12-13,0.13,US$/Wp
2023-12-13,0.13,US$/Wp
2023-12-13,0.15,US$/Wp
2023-12-13,0.19,US$/Wp
2023-12-20,0.11,US$/Wp
2023-12-20,0.137,US$/Wp
2023-12-20,0.14,US$/Wp
2023-12-20,0.14,US$/Wp
2023-12-20,0.141,US$/Wp
2023-12-20,0.125,US$/Wp
2023-12-20,0.125,US$/Wp
2023-12-20,0.13,US$/Wp
2023-12-20,0.13,US$/Wp
2023-12-20,0.144,US$/Wp
2023-12-20,0.179,US$/Wp
2023-12-27,0.107,US$/Wp
2023-12-27,0.137,US$/Wp
2023-12-27,0.14,US$/Wp
2023-12-27,0.14,US$/Wp
2023-12-27,0.142,US$/Wp
2023-12-27,0.125,US$/Wp
2023-12-27,0.125,US$/Wp
2023-12-27,0.13,US$/Wp
2023-12-27,0.13,US$/Wp
2023-12-27,0.143,US$/Wp
2023-12-27,0.176,US$/Wp
2024-01-03,0.107,US$/Wp
2024-01-03,0.137,US$/Wp
2024-01-03,0.14,US$/Wp
2024-01-03,0.14,US$/Wp
2024-01-03,0.142,US$/Wp
2024-01-03,0.125,US$/Wp
2024-01-03,0.125,US$/Wp
2024-01-03,0.13,US$/Wp
2024-01-03,0.13,US$/Wp
2024-01-03,0.143,US$/Wp
2024-01-03,0.176,US$/Wp
2024-01-10,0.106,US$/Wp
2024-01-10,0.129,US$/Wp
2024-01-10,0.132,US$/Wp
2024-01-10,0.131,US$/Wp
2024-01-10,0.135,US$/Wp
2024-01-10,0.115,US$/Wp
2024-01-10,0.115,US$/Wp
2024-01-10,0.12,US$/Wp
2024-01-10,0.12,US$/Wp
2024-01-10,0.13,US$/Wp
2024-01-10,0.16,US$/Wp
2024-01-17,0.106,US$/Wp
2024-01-17,0.129,US$/Wp
2024-01-17,0.132,US$/Wp
2024-01-17,0.131,US$/Wp
2024-01-17,0.135,US$/Wp
2024-01-17,0.115,US$/Wp
2024-01-17,0.115,US$/Wp
2024-01-17,0.12,US$/Wp
2024-01-17,0.12,US$/Wp
2024-01-17,0.13,US$/Wp
2024-01-17,0.155,US$/Wp
2024-01-24,0.104,US$/Wp
2024-01-24,0.13,US$/Wp
2024-01-24,0.133,US$/Wp
2024-01-24,0.132,US$/Wp
2024-01-24,0.136,US$/Wp
2024-01-24,0.115,US$/Wp
2024-01-24,0.115,US$/Wp
2024-01-24,0.12,US$/Wp
2024-01-24,0.12,US$/Wp
2024-01-24,0.13,US$/Wp
2024-01-24,0.155,US$/Wp
2024-01-31,0.102,US$/Wp
2024-01-31,0.13,US$/Wp
2024-01-31,0.133,US$/Wp
2024-01-31,0.131,US$/Wp
2024-01-31,0.136,US$/Wp
2024-01-31,0.115,US$/Wp
2024-01-31,0.115,US$/Wp
2024-01-31,0.12,US$/Wp
2024-01-31,0.12,US$/Wp
2024-01-31,0.13,US$/Wp
2024-01-31,0.15,US$/Wp
2024-02-07,0.101,US$/Wp
2024-02-07,0.13,US$/Wp
2024-02-07,0.133,US$/Wp
2024-02-07,0.131,US$/Wp
2024-02-07,0.136,US$/Wp
2024-02-07,0.115,US$/Wp
2024-02-07,0.115,US$/Wp
2024-02-07,0.12,US$/Wp
2024-02-07,0.12,US$/Wp
2024-02-07,0.13,US$/Wp
2024-02-07,0.15,US$/Wp
2024-02-14,0.101,US$/Wp
2024-02-14,0.13,US$/Wp
2024-02-14,0.133,US$/Wp
2024-02-14,0.131,US$/Wp
2024-02-14,0.136,US$/Wp
2024-02-14,0.115,US$/Wp
2024-02-14,0.115,US$/Wp
2024-02-14,0.12,US$/Wp
2024-02-14,0.12,US$/Wp
2024-02-14,0.13,US$/Wp
2024-02-14,0.15,US$/Wp
2024-02-21,0.101,US$/Wp
2024-02-21,0.129,US$/Wp
2024-02-21,0.132,US$/Wp
2024-02-21,0.131,US$/Wp
2024-02-21,0.135,US$/Wp
2024-02-21,0.115,US$/Wp
2024-02-21,0.115,US$/Wp
2024-02-21,0.12,US$/Wp
2024-02-21,0.12,US$/Wp
2024-02-21,0.13,US$/Wp
2024-02-21,0.15,US$/Wp
2024-02-28,0.101,US$/Wp
2024-02-28,0.129,US$/Wp
2024-02-28,0.132,US$/Wp
2024-02-28,0.131,US$/Wp
2024-02-28,0.135,US$/Wp
2024-02-28,0.115,US$/Wp
2024-02-28,0.115,US$/Wp
2024-02-28,0.12,US$/Wp
2024-02-28,0.12,US$/Wp
2024-02-28,0.13,US$/Wp
2024-02-28,0.15,US$/Wp
2024-03-06,0.101,US$/Wp
2024-03-06,0.129,US$/Wp
2024-03-06,0.132,US$/Wp
2024-03-06,0.131,US$/Wp
2024-03-06,0.135,US$/Wp
2024-03-06,0.115,US$/Wp
2024-03-06,0.115,US$/Wp
2024-03-06,0.12,US$/Wp
2024-03-06,0.12,US$/Wp
2024-03-06,0.13,US$/Wp
2024-03-06,0.15,US$/Wp
2024-03-13,0.101,US$/Wp
2024-03-13,0.129,US$/Wp
2024-03-13,0.132,US$/Wp
2024-03-13,0.131,US$/Wp
2024-03-13,0.135,US$/Wp
2024-03-13,0.115,US$/Wp
2024-03-13,0.115,US$/Wp
2024-03-13,0.12,US$/Wp
2024-03-13,0.12,US$/Wp
2024-03-13,0.13,US$/Wp
2024-03-13,0.15,US$/Wp
2024-03-20,0.101,US$/Wp
2024-03-20,0.129,US$/Wp
2024-03-20,0.132,US$/Wp
2024-03-20,0.131,US$/Wp
2024-03-20,0.135,US$/Wp
2024-03-20,0.115,US$/Wp
2024-03-20,0.115,US$/Wp
2024-03-20,0.12,US$/Wp
2024-03-20,0.12,US$/Wp
2024-03-20,0.13,US$/Wp
2024-03-20,0.15,US$/Wp
2024-03-27,0.101,US$/Wp
2024-03-27,0.129,US$/Wp
2024-03-27,0.131,US$/Wp
2024-03-27,0.13,US$/Wp
2024-03-27,0.134,US$/Wp
2024-03-27,0.115,US$/Wp
2024-03-27,0.115,US$/Wp
2024-03-27,0.12,US$/Wp
2024-03-27,0.12,US$/Wp
2024-03-27,0.13,US$/Wp
2024-03-27,0.145,US$/Wp
2024-04-03,0.099,US$/Wp
2024-04-03,0.129,US$/Wp
2024-04-03,0.131,US$/Wp
2024-04-03,0.13,US$/Wp
2024-04-03,0.134,US$/Wp
2024-04-03,0.133,US$/Wp
2024-04-03,0.166,US$/Wp
2024-04-03,0.115,US$/Wp
2024-04-03,0.115,US$/Wp
2024-04-10,0.098,US$/Wp
2024-04-10,0.129,US$/Wp
2024-04-10,0.131,US$/Wp
2024-04-10,0.13,US$/Wp
2024-04-10,0.134,US$/Wp
2024-04-10,0.133,US$/Wp
2024-04-10,0.166,US$/Wp
2024-04-17,0.097,US$/Wp
2024-04-17,0.129,US$/Wp
2024-04-17,0.131,US$/Wp
2024-04-17,0.13,US$/Wp
2024-04-17,0.134,US$/Wp
2024-04-17,0.133,US$/Wp
2024-04-17,0.166,US$/Wp
2024-04-24,0.096,US$/Wp
2024-04-24,0.119,US$/Wp
2024-04-24,0.121,US$/Wp
2024-04-24,0.121,US$/Wp
2024-04-24,0.124,US$/Wp
2024-04-24,0.13,US$/Wp
2024-04-24,0.156,US$/Wp
2024-05-01,0.095,US$/Wp
2024-05-01,0.119,US$/Wp
2024-05-01,0.121,US$/Wp
2024-05-01,0.121,US$/Wp
2024-05-01,0.124,US$/Wp
2024-05-01,0.13,US$/Wp
2024-05-01,0.156,US$/Wp
2024-05-08,0.093,US$/Wp
2024-05-08,0.119,US$/Wp
2024-05-08,0.122,US$/Wp
2024-05-08,0.122,US$/Wp
2024-05-08,0.124,US$/Wp
2024-05-08,0.13,US$/Wp
2024-05-08,0.156,US$/Wp
2024-05-15,0.092,US$/Wp
2024-05-15,0.111,US$/Wp
2024-05-15,0.113,US$/Wp
2024-05-15,0.113,US$/Wp
2024-05-15,0.116,US$/Wp
2024-05-15,0.119,US$/Wp
2024-05-15,0.138,US$/Wp
2024-05-22,0.091,US$/Wp
2024-05-22,0.111,US$/Wp
2024-05-22,0.113,US$/Wp
2024-05-22,0.113,US$/Wp
2024-05-22,0.116,US$/Wp
2024-05-22,0.119,US$/Wp
2024-05-22,0.138,US$/Wp
2024-05-29,0.09,US$/Wp
2024-05-29,0.11,US$/Wp
2024-05-29,0.113,US$/Wp
2024-05-29,0.113,US$/Wp
2024-05-29,0.116,US$/Wp
2024-05-29,0.119,US$/Wp
2024-05-29,0.138,US$/Wp
2024-06-05,0.09,US$/Wp
2024-06-05,0.11,US$/Wp
2024-06-05,0.113,US$/Wp
2024-06-05,0.113,US$/Wp
2024-06-05,0.116,US$/Wp
2024-06-05,0.119,US$/Wp
2024-06-05,0.138,US$/Wp
2024-06-12,0.09,US$/Wp
2024-06-12,0.11,US$/Wp
2024-06-12,0.113,US$/Wp
2024-06-12,0.113,US$/Wp
2024-06-12,0.116,US$/Wp
2024-06-12,0.119,US$/Wp
2024-06-12,0.138,US$/Wp
2024-06-19,0.09,US$/Wp
2024-06-19,0.11,US$/Wp
2024-06-19,0.113,US$/Wp
2024-06-19,0.113,US$/Wp
2024-06-19,0.116,US$/Wp
2024-06-19,0.119,US$/Wp
2024-06-19,0.138,US$/Wp
2024-06-26,0.089,US$/Wp
2024-06-26,0.11,US$/Wp
2024-06-26,0.113,US$/Wp
2024-06-26,0.113,US$/Wp
2024-06-26,0.116,US$/Wp
2024-06-26,0.118,US$/Wp
2024-06-26,0.138,US$/Wp
2024-07-03,0.088,US$/Wp
2024-07-03,0.11,US$/Wp
2024-07-03,0.113,US$/Wp
2024-07-03,0.113,US$/Wp
2024-07-03,0.116,US$/Wp
2024-07-03,0.118,US$/Wp
2024-07-03,0.138,US$/Wp
2024-07-10,0.087,US$/Wp
2024-07-10,0.11,US$/Wp
2024-07-10,0.113,US$/Wp
2024-07-10,0.113,US$/Wp
2024-07-10,0.116,US$/Wp
2024-07-10,0.118,US$/Wp
2024-07-10,0.138,US$/Wp
2024-07-17,0.087,US$/Wp
2024-07-17,0.11,US$/Wp
2024-07-17,0.113,US$/Wp
2024-07-17,0.113,US$/Wp
2024-07-17,0.116,US$/Wp
2024-07-17,0.118,US$/Wp
2024-07-17,0.138,US$/Wp
2024-07-24,0.087,US$/Wp
2024-07-24,0.11,US$/Wp
2024-07-24,0.113,US$/Wp
2024-07-24,0.113,US$/Wp
2024-07-24,0.116,US$/Wp
2024-07-24,0.118,US$/Wp
2024-07-24,0.138,US$/Wp
2024-07-31,0.087,US$/Wp
2024-07-31,0.098,US$/Wp
2024-07-31,0.101,US$/Wp
2024-07-31,0.1,US$/Wp
2024-07-31,0.103,US$/Wp
2024-07-31,0.105,US$/Wp
2024-07-31,0.125,US$/Wp
2024-08-07,0.087,US$/Wp
2024-08-07,0.099,US$/Wp
2024-08-07,0.102,US$/Wp
2024-08-07,0.101,US$/Wp
2024-08-07,0.103,US$/Wp
2024-08-07,0.106,US$/Wp
2024-08-07,0.126,US$/Wp
2024-08-14,0.087,US$/Wp
2024-08-14,0.1,US$/Wp
2024-08-14,0.102,US$/Wp
2024-08-14,0.101,US$/Wp
2024-08-14,0.104,US$/Wp
2024-08-14,0.107,US$/Wp
2024-08-14,0.126,US$/Wp
2024-08-21,0.087,US$/Wp
2024-08-21,0.1,US$/Wp
2024-08-21,0.102,US$/Wp
2024-08-21,0.101,US$/Wp
2024-08-21,0.104,US$/Wp
2024-08-21,0.107,US$/Wp
2024-08-21,0.126,US$/Wp
2024-08-28,0.086,US$/Wp
2024-08-28,0.1,US$/Wp
2024-08-28,0.102,US$/Wp
2024-08-28,0.101,US$/Wp
2024-08-28,0.104,US$/Wp
2024-08-28,0.107,US$/Wp
2024-08-28,0.126,US$/Wp
2024-09-04,0.086,US$/Wp
2024-09-04,0.1,US$/Wp
2024-09-04,0.102,US$/Wp
2024-09-04,0.101,US$/Wp
2024-09-04,0.104,US$/Wp
2024-09-04,0.107,US$/Wp
2024-09-04,0.126,US$/Wp
2024-09-11,0.085,US$/Wp
2024-09-11,0.1,US$/Wp
2024-09-11,0.103,US$/Wp
2024-09-11,0.101,US$/Wp
2024-09-11,0.104,US$/Wp
2024-09-11,0.107,US$/Wp
2024-09-11,0.126,US$/Wp
2024-09-18,0.082,US$/Wp
2024-09-18,0.1,US$/Wp
2024-09-18,0.103,US$/Wp
2024-09-18,0.101,US$/Wp
2024-09-18,0.104,US$/Wp
2024-09-18,0.107,US$/Wp
2024-09-18,0.126,US$/Wp
2024-09-25,0.08,US$/Wp
2024-09-25,0.098,US$/Wp
2024-09-25,0.1,US$/Wp
2024-09-25,0.1,US$/Wp
2024-09-25,0.101,US$/Wp
2024-09-25,0.103,US$/Wp
2024-09-25,0.123,US$/Wp
2024-10-02,0.08,US$/Wp
2024-10-02,0.098,US$/Wp
2024-10-02,0.1,US$/Wp
2024-10-02,0.1,US$/Wp
2024-10-02,0.101,US$/Wp
2024-10-02,0.103,US$/Wp
2024-10-02,0.123,US$/Wp
2024-10-09,0.077,US$/Wp
2024-10-09,0.097,US$/Wp
2024-10-09,0.099,US$/Wp
2024-10-09,0.099,US$/Wp
2024-10-09,0.1,US$/Wp
2024-10-09,0.102,US$/Wp
2024-10-09,0.121,US$/Wp
2024-10-16,0.077,US$/Wp
2024-10-16,0.097,US$/Wp
2024-10-16,0.099,US$/Wp
2024-10-16,0.099,US$/Wp
2024-10-16,0.1,US$/Wp
2024-10-16,0.102,US$/Wp
2024-10-16,0.121,US$/Wp
2024-10-23,0.077,US$/Wp
2024-10-23,0.097,US$/Wp
2024-10-23,0.099,US$/Wp
2024-10-23,0.099,US$/Wp
2024-10-23,0.1,US$/Wp
2024-10-23,0.102,US$/Wp
2024-10-23,0.121,US$/Wp
2024-10-30,0.077,US$/Wp
2024-10-30,0.097,US$/Wp
2024-10-30,0.099,US$/Wp
2024-10-30,0.099,US$/Wp
2024-10-30,0.1,US$/Wp
2024-10-30,0.101,US$/Wp
2024-10-30,0.121,US$/Wp
2024-11-06,0.077,US$/Wp
2024-11-06,0.096,US$/Wp
2024-11-06,0.097,US$/Wp
2024-11-06,0.097,US$/Wp
2024-11-06,0.098,US$/Wp
2024-11-06,0.1,US$/Wp
2024-11-06,0.119,US$/Wp
2024-11-13,0.077,US$/Wp
2024-11-13,0.095,US$/Wp
2024-11-13,0.097,US$/Wp
2024-11-13,0.097,US$/Wp
2024-11-13,0.098,US$/Wp
2024-11-13,0.099,US$/Wp
2024-11-13,0.119,US$/Wp
2024-11-20,0.077,US$/Wp
2024-11-20,0.095,US$/Wp
2024-11-20,0.097,US$/Wp
2024-11-20,0.097,US$/Wp
2024-11-20,0.098,US$/Wp
2024-11-20,0.099,US$/Wp
2024-11-20,0.119,US$/Wp
2024-11-27,0.077,US$/Wp
2024-11-27,0.095,US$/Wp
2024-11-27,0.096,US$/Wp
2024-11-27,0.096,US$/Wp
2024-11-27,0.098,US$/Wp
2024-11-27,0.099,US$/Wp
2024-11-27,0.118,US$/Wp
2024-12-04,0.077,US$/Wp
2024-12-04,0.095,US$/Wp
2024-12-04,0.096,US$/Wp
2024-12-04,0.096,US$/Wp
2024-12-04,0.098,US$/Wp
2024-12-04,0.099,US$/Wp
2024-12-04,0.118,US$/Wp
2024-12-11,0.075,US$/Wp
2024-12-11,0.095,US$/Wp
2024-12-11,0.096,US$/Wp
2024-12-11,0.096,US$/Wp
2024-12-11,0.098,US$/Wp
2024-12-11,0.099,US$/Wp
2024-12-11,0.118,US$/Wp
2024-12-18,0.075,US$/Wp
2024-12-18,0.095,US$/Wp
2024-12-18,0.096,US$/Wp
2024-12-18,0.096,US$/Wp
2024-12-18,0.098,US$/Wp
2024-12-18,0.099,US$/Wp
2024-12-18,0.118,US$/Wp
2024-12-25,0.075,US$/Wp
2024-12-25,0.095,US$/Wp
2024-12-25,0.096,US$/Wp
2024-12-25,0.096,US$/Wp
2024-12-25,0.098,US$/Wp
2024-12-25,0.099,US$/Wp
2024-12-25,0.118,US$/Wp
2025-01-01,0.075,US$/Wp
2025-01-01,0.095,US$/Wp
2025-01-01,0.096,US$/Wp
2025-01-01,0.096,US$/Wp
2025-01-01,0.098,US$/Wp
2025-01-01,0.099,US$/Wp
2025-01-01,0.118,US$/Wp
2025-01-08,0.075,US$/Wp
2025-01-08,0.094,US$/Wp
2025-01-08,0.095,US$/Wp
2025-01-08,0.095,US$/Wp
2025-01-08,0.097,US$/Wp
2025-01-08,0.098,US$/Wp
2025-01-08,0.117,US$/Wp
2025-01-15,0.075,US$/Wp
2025-01-15,0.094,US$/Wp
2025-01-15,0.095,US$/Wp
2025-01-15,0.095,US$/Wp
2025-01-15,0.097,US$/Wp
2025-01-15,0.098,US$/Wp
2025-01-15,0.117,US$/Wp
2025-01-22,0.075,US$/Wp
2025-01-22,0.094,US$/Wp
2025-01-22,0.095,US$/Wp
2025-01-22,0.095,US$/Wp
2025-01-22,0.097,US$/Wp
2025-01-22,0.098,US$/Wp
2025-01-22,0.117,US$/Wp
2025-01-29,0.075,US$/Wp
2025-01-29,0.094,US$/Wp
2025-01-29,0.095,US$/Wp
2025-01-29,0.095,US$/Wp
2025-01-29,0.097,US$/Wp
2025-01-29,0.098,US$/Wp
2025-01-29,0.117,US$/Wp
2025-02-05,0.075,US$/Wp
2025-02-05,0.094,US$/Wp
2025-02-05,0.095,US$/Wp
2025-02-05,0.095,US$/Wp
2025-02-05,0.097,US$/Wp
2025-02-05,0.098,US$/Wp
2025-02-05,0.117,US$/Wp
2025-02-12,0.075,US$/Wp
2025-02-12,0.095,US$/Wp
2025-02-12,0.096,US$/Wp
2025-02-12,0.096,US$/Wp
2025-02-12,0.097,US$/Wp
2025-02-12,0.099,US$/Wp
2025-02-12,0.118,US$/Wp
2025-02-19,0.075,US$/Wp
2025-02-19,0.095,US$/Wp
2025-02-19,0.096,US$/Wp
2025-02-19,0.096,US$/Wp
2025-02-19,0.097,US$/Wp
2025-02-19,0.099,US$/Wp
2025-02-19,0.118,US$/Wp
2025-02-26,0.075,US$/Wp
2025-02-26,0.095,US$/Wp
2025-02-26,0.096,US$/Wp
2025-02-26,0.096,US$/Wp
2025-02-26,0.097,US$/Wp
2025-02-26,0.099,US$/Wp
2025-02-26,0.118,US$/Wp
2025-03-05,0.077,US$/Wp
2025-03-05,0.095,US$/Wp
2025-03-05,0.096,US$/Wp
2025-03-05,0.096,US$/Wp
2025-03-05,0.097,US$/Wp
2025-03-05,0.099,US$/Wp
2025-03-05,0.118,US$/Wp
2025-03-12,0.077,US$/Wp
2025-03-12,0.095,US$/Wp
2025-03-12,0.096,US$/Wp
2025-03-12,0.096,US$/Wp
2025-03-12,0.097,US$/Wp
2025-03-12,0.099,US$/Wp
2025-03-12,0.118,US$/Wp
2025-03-19,0.077,US$/Wp
2025-03-19,0.095,US$/Wp
2025-03-19,0.096,US$/Wp
2025-03-19,0.096,US$/Wp
2025-03-19,0.097,US$/Wp
2025-03-19,0.099,US$/Wp
2025-03-19,0.118,US$/Wp
2025-03-26,0.077,US$/Wp
2025-03-26,0.095,US$/Wp
2025-03-26,0.096,US$/Wp
2025-03-26,0.096,US$/Wp
2025-03-26,0.097,US$/Wp
2025-03-26,0.099,US$/Wp
2025-03-26,0.118,US$/Wp
